Subject group,Full name,Family name,First name,Title,DOI date,Profession,Current EFSA involvements,PDF
AHAW,"BICOUT, Dominique",BICOUT,Dominique,Dr,2015-07-12,scientific researcher,"Member-AHAW Panel 2015-2018 (AHAW), Member-M-2014-0079 Vector-borne diseases (AHAW)",AHAW_doi_000.pdf
AHAW,"BUTTERWORTH, Andrew",BUTTERWORTH,Andrew,Dr,2015-04-25,"Veterinary Surgeon, Senior Lecturer",Member-AHAW Panel 2015-2018 (AHAW),AHAW_doi_001.pdf
AHAW,"BØTNER, Anette",BØTNER,Anette,Professor,2015-05-18,"DVM, PhD","Member-AHAW Panel 2015-2018 (AHAW), Member-M-2015-0079 Avian Influenza (AHAW)",AHAW_doi_002.pdf
AHAW,"CALISTRI, Paolo",CALISTRI,Paolo,Dr.,2015-04-24,Veterinarian,Member-AHAW Panel 2015-2018 (AHAW),AHAW_doi_003.pdf
AHAW,"DEPNER, Klaus",DEPNER,Klaus,Dr,2015-04-27,Scientist,Member-AHAW Panel 2015-2018 (AHAW),AHAW_doi_004.pdf
AHAW,"EDWARDS, Sandra",EDWARDS,Sandra,Prof,2015-10-08,Professor,"Member-AHAW Panel 2015-2018 (AHAW), Member-M-2015-0052 ABMs gap analysis (AHAW), Member-M-2015-0178 Pregnant Animals (AHAW)",AHAW_doi_005.pdf
AHAW,"GARIN-BASTUJI, Bruno",GARIN-BASTUJI,Bruno,Dr.,2015-04-27,Veterinary Biologist - Research Director,Member-AHAW Panel 2015-2018 (AHAW),AHAW_doi_006.pdf
AHAW,"GOOD, Margaret",GOOD,Margaret,Dr.,2015-09-14,Scientific,Member-AHAW Panel 2015-2018 (AHAW),AHAW_doi_007.pdf
AHAW,"GORTAZAR SCHMIDT, Christian",GORTAZAR SCHMIDT,Christian,Dr.,2015-05-19,"Veterinarian, Univ. Porf.",Member-AHAW Panel 2015-2018 (AHAW),AHAW_doi_008.pdf
AHAW,"MICHEL, Virginie",MICHEL,Virginie,Dr.,2015-04-27,Scientific researcher,Vice-Chair-AHAW Panel 2015-2018 (AHAW),AHAW_doi_009.pdf
AHAW,"MIRANDA, Miguel Angel",MIRANDA,Miguel Angel,Dr.,2015-11-29,Lecturer. Expert in Entomology,"Member-AHAW Panel 2015-2018 (AHAW), Member-M-2014-0079 Vector-borne diseases (AHAW), Member-Small hive beetle (AHAW)",AHAW_doi_010.pdf
AHAW,"MORE, Simon",MORE,Simon,Professor,2015-07-03,Veterinarian,"Chair-AHAW Panel 2015-2018 (AHAW), Member-Scientific Committee 2015-2018 (SC), Chair-MUST-B WG (SC)",AHAW_doi_011.pdf
AHAW,"NIELSEN, Søren Saxmose",NIELSEN,Søren Saxmose,Prof.,2015-04-23,Professor of disease & diagnostic modelling,"Member-AHAW Panel 2015-2018 (AHAW), Member-MAPRA Network (AHAW)",AHAW_doi_012.pdf
AHAW,"RAJ, Mohan",RAJ,Mohan,Dr,2015-10-06,Retired,"Member-AHAW Panel 2015-2018 (AHAW), Chair-M-2014-0331 HEALTHY-B self task (AHAW), Member-M-2015-0178 Pregnant Animals (AHAW), Chair-Small hive beetle (AHAW)",AHAW_doi_013.pdf
AHAW,"SIHVONEN, Liisa",SIHVONEN,Liisa,Prof.,2015-04-22,"Professor, Research Director",Member-AHAW Panel 2015-2018 (AHAW),AHAW_doi_014.pdf
AHAW,"SPOOLDER, Hans",SPOOLDER,Hans,Dr,2015-10-09,Head of Animal Welfare department,"Member-AHAW Panel 2015-2018 (AHAW), Chair-M-2015-0052 ABMs gap analysis (AHAW), Member-M-2015-0178 Pregnant Animals (AHAW)",AHAW_doi_015.pdf
AHAW,"STEGEMAN, Jan Arend",STEGEMAN,Jan Arend,Prof,2015-10-06,Chair in Farm Animal Health,"Member-AHAW Panel 2015-2018 (AHAW), Member-Biological Relevance (SC), Chair-M-2014-0079 Vector-borne diseases (AHAW), Chair-M- 2015-0079 Avian Influenza (AHAW), Member-PROMETHEUS (PROmoting METHods for Evidence Use in Scientific assessments) - Deliverable 2 ""Analysis of methods for dealing with data and evidence applied by EFSA"" (AMU)",AHAW_doi_016.pdf
AHAW,"THULKE, Hans-Hermann",THULKE,Hans-Hermann,Dr. (PhD),2015-11-27,"Science/Epidemiology, Modelling, Statistics","Vice-Chair-AHAW Panel 2015-2018 (AHAW), Alternate member-Scientific Committee 2015-2018 (SC), Member-M-2014-0079 Vector-borne diseases (AHAW), Member-M-2014-0323 ASF wild boar (AHAW), Member-M-2015-0052 ABMs gap analysis (AHAW), Member-MAPRA Network (AHAW), Member- Uncertainty in risk assessment (SC)",AHAW_doi_017.pdf
AHAW,"VELARDE, Antonio",VELARDE,Antonio,Dr.,2015-10-07,"scientist, veterinarian","Member-AHAW Panel 2015-2018 (AHAW), Member-M-2015-0052 ABMs gap analysis (AHAW), Member-M-2015-0178 Pregnant Animals (AHAW)",AHAW_doi_018.pdf
AHAW,"WILLEBERG, Preben",WILLEBERG,Preben,Dr,2015-07-01,Retired,"Member-AHAW Panel 2015-2018 (AHAW), Chair-M-2014-0288 Echinococcus (Art. 29) (AHAW)",AHAW_doi_019.pdf
AHAW,"WINCKLER, Christoph",WINCKLER,Christoph,Prof.,2015-10-09,Head of Department of Sustainable Agricultural Systems,"Member-AHAW Panel 2015-2018 (AHAW), Chair-M-2015-0178 Pregnant Animals (AHAW)",AHAW_doi_020.pdf
ANS,"AGUILAR, Fernando",AGUILAR,Fernando,Dr,2015-03-02,Scientific Coordinator,"Member-ANS Panel 2014-2017 (ANS), Member-Re-evaluation of Food Colours WG 2014-2017 (ANS), Member-Re-evaluation of Gums and Food Additives from Natural Sources WG 2014-2017 (ANS), Member-Re-evaluation of Nitrates - Nitrites WG 2014-2017 (ANS)",ANS_doi_000.pdf
ANS,"CREBELLI, Riccardo",CREBELLI,Riccardo,Dr,2015-10-19,Director of Research at the Italian National Institute of Health (Istituto Superiore di Sanità),"Member-ANS Panel 2014-2017 (ANS), Hearing Expert-Flavourings WG 2014-2017 (CEF), Member-Genotoxicity WG 2014-2017 (CEF), Member-Re-evaluation of Food Colours WG 2014-2017 (ANS), Vice-Chair-Re-evaluation of Nitrates - Nitrites WG 2014-2017 (ANS), Chair-Standing WG Genotoxicity (2015- 2018) (SC)",ANS_doi_001.pdf
ANS,"DI DOMENICO, Alessandro",DI DOMENICO,Alessandro,Dr,2015-11-12,Research Leader,"Member-ANS Panel 2014-2017 (ANS), Member-Re-evaluation of Food Colours WG 2014-2017 (ANS), Member-Re-evaluation of Nitrates - Nitrites WG 2014-2017 (ANS), Member-Uncertainty in risk assessment (SC)",ANS_doi_002.pdf
ANS,"DUSEMUND, Birgit",DUSEMUND,Birgit,Dr.,2015-10-09,Scientific Officer,"Member-ANS Panel 2014-2017 (ANS), Member-Feed Flavourings 2015-2018 (FEEDAP), Member-Re-evaluation of Food Additives other than Gums & Colours WG 2014-2017 (ANS), Chair-Re-evaluation of Gums and Food Additives from Natural Sources WG 2014-2017 (ANS), Member-WG Substances in Foods for Infants (SC)",ANS_doi_003.pdf
ANS,"FRUTOS FERNANDEZ, Maria Jose",FRUTOS FERNANDEZ,Maria Jose,Dr,2015-11-10,Associate Professor Miguel Hernández University,"Member-ANS Panel 2014-2017 (ANS), Member-Application WG 2014-2017 (ANS), Member-Re-evaluation of Food Colours WG 2014-2017 (ANS)",ANS_doi_004.pdf
ANS,"GALTIER, Pierre",GALTIER,Pierre,Dr,2015-10-11,Member of the AFSSA scientific panel on 'Physical and chemical contaminants and residues',"Member-ANS Panel 2014-2017 (ANS), Member-Re-evaluation of Food Colours WG 2014-2017 (ANS), Member-Re-evaluation of Gums and Food Additives from Natural Sources WG 2014-2017 (ANS)",ANS_doi_005.pdf
ANS,"GOTT, David",GOTT,David,Dr,2014-12-19,Toxicologist,"Member-ANS Panel 2014-2017 (ANS), Chair-Application WG 2014-2017 (ANS), Member-Re-evaluation of Food Additives other than Gums & Colours WG 2014-2017 (ANS), Member-Re-evaluation of Food Colours WG 2014-2017 (ANS)",ANS_doi_006.pdf
ANS,"GUNDERT-REMY, Ursula",GUNDERT-REMY,Ursula,Prof. Dr.,2015-10-08,Medical Doctor (retired since June 2008),"Member-ANS Panel 2014-2017 (ANS), Alternate member-BMD Update (SC), Member-PROMETHEUS (PROmoting METHods for Evidence Use in Scientific assessments) - Deliverable 2 ""Analysis of methods for dealing with data and evidence applied by EFSA"" (AMU), Member-Re-evaluation of Food Additives other than Gums & Colours WG 2014-2017 (ANS), Member-WG Substances in Foods for Infants (SC)",ANS_doi_007.pdf
ANS,"LAMBRÉ, Claude",LAMBRÉ,Claude,Dr,2015-10-13,Retired,"Vice-Chair-ANS Panel 2014-2017 (ANS), Member-Application WG 2014-2017 (ANS), Chair-Re-evaluation of Food Additives other than Gums & Colours WG 2014-2017 (ANS), Member-Re-evaluation of Food Colours WG 2014-2017 (ANS), Hearing Expert-Re-evaluation of Gums and Food Additives from Natural Sources WG 2014-2017 (ANS), Member-WG Substances in Foods for Infants (SC), Member-Weight of Evidence (SC)",ANS_doi_008.pdf
ANS,"LEBLANC, Jean-Charles",LEBLANC,Jean-Charles,Dr,2015-06-10,exposure assessment expert,"Member-ANS Panel 2014-2017 (ANS), Member-Application WG 2014-2017 (ANS), Hearing Expert-Food Enzymes WG 2014-2017 (CEF), Member-Re-evaluation of Food Additives other than Gums & Colours WG 2014-2017 (ANS), Member-Re-evaluation of Food Colours WG 2014-2017 (ANS), Member-Re- evaluation of Gums and Food Additives from Natural Sources WG 2014-2017 (ANS), Member-Re-evaluation of Nitrates - Nitrites WG 2014-2017 (ANS)",ANS_doi_009.pdf
ANS,"LINDTNER, Oliver",LINDTNER,Oliver,Dr.,2015-02-09,Head of the unit "Exposure assessment and Standardisation" at the Federal Institute for Risk Assessment (BfR),"Member-ANS Panel 2014-2017 (ANS), Member-Re-evaluation of Gums and Food Additives from Natural Sources WG 2014-2017 (ANS)",ANS_doi_010.pdf
ANS,"MOLDEUS, Peter",MOLDEUS,Peter,Prof,2015-09-21,Professor of Toxicology Karolinska Institutet,"Member-ANS Panel 2014-2017 (ANS), Vice-Chair-Application WG 2014-2017 (ANS), Member-Re-evaluation of Food Additives other than Gums & Colours WG 2014-2017 (ANS)",ANS_doi_011.pdf
ANS,"MORTENSEN, Alicja",MORTENSEN,Alicja,Dr,2015-10-09,"Senior Scientist, DVM, PhD Department of Toxicology and Risk Assessment, Section of Pathology, The National Food Institute, DTU, Denmark","Chair-ANS Panel 2014-2017 (ANS), Member-Scientific Committee 2015-2018 (SC), Member-Application WG 2014-2017 (ANS), Member-BMD Update (SC), Member-Re-evaluation of Gums and Food Additives from Natural Sources WG 2014-2017 (ANS), Member-Uncertainty in risk assessment (SC), Chair-WG Substances in Foods for Infants (SC)",ANS_doi_012.pdf
ANS,"MOSESSO, Pasquale",MOSESSO,Pasquale,Prof.,2015-10-21,Associate Professor of Genetics,"Member-ANS Panel 2014-2017 (ANS), Member-Genotoxicity WG 2014-2017 (CEF), Member-Re-evaluation of Food Additives other than Gums & Colours WG 2014-2017 (ANS), Member-Re-evaluation of Gums and Food Additives from Natural Sources WG 2014-2017 (ANS), Member-Standing WG Genotoxicity (2015- 2018) (SC)",ANS_doi_013.pdf
ANS,"OSKARSSON, Agneta",OSKARSSON,Agneta,Prof. PhD,2015-11-06,Professor at University,"Member-ANS Panel 2014-2017 (ANS), Vice-Chair-Re-evaluation of Food Colours WG 2014-2017 (ANS)",ANS_doi_014.pdf
ANS,"PARENT-MASSIN , Dominique",PARENT-MASSIN ,Dominique,Prof.,2015-07-03,Professor of University,"Member-ANS Panel 2014-2017 (ANS), Member-CONTAM WG on Group HBGV for mycotoxins (CONTAM), Member-Fusarium toxins (CONTAM), Member-Re-evaluation of Food Additives other than Gums & Colours WG 2014-2017 (ANS), Member-Re-evaluation of Gums and Food Additives from Natural Sources WG 2014-2017 (ANS)",ANS_doi_015.pdf
ANS,"STANKOVIC, Ivan",STANKOVIC,Ivan,Dr,2015-02-21,full time University Professor,"Member-ANS Panel 2014-2017 (ANS), Member-Application WG 2014-2017 (ANS), Member-Re-evaluation of Food Additives other than Gums & Colours WG 2014-2017 (ANS), Hearing Expert-Re-evaluation of Food Colours WG 2014-2017 (ANS), Vice-Chair-Re-evaluation of Gums and Food Additives from Natural Sources WG 2014-2017 (ANS)",ANS_doi_016.pdf
ANS,"WAALKENS-BERENDSEN, Ine",WAALKENS-BERENDSEN,Ine,M.Sc.,2015-11-09,Advisor Toxicology,"Member-ANS Panel 2014-2017 (ANS), Member-Application WG 2014-2017 (ANS), Member-Re-evaluation of Food Additives other than Gums & Colours WG 2014-2017 (ANS), Member-Re-evaluation of Food Colours WG 2014-2017 (ANS), Member-Re-evaluation of Gums and Food Additives from Natural Sources WG 2014-2017 (ANS), Member-WG Substances in Foods for Infants (SC), Member-WG on dioxins in food and feed (CONTAM)",ANS_doi_017.pdf
ANS,"WOUTERSEN, Rudolf Antonius",WOUTERSEN,Rudolf Antonius,Prof Dr,2015-10-12,Toxicologic Pathologist; Quality and Safety/R&D,"Vice-Chair-ANS Panel 2014-2017 (ANS), Member-Application WG 2014-2017 (ANS), Member-Biological Relevance (SC), Member-Re- evaluation of Food Additives other than Gums & Colours WG 2014-2017 (ANS), Chair-Re-evaluation of Food Colours WG 2014-2017 (ANS), Member-Re-evaluation of Gums and Food Additives from Natural Sources WG 2014-2017 (ANS), Member-WG Substances in Foods for Infants (SC)",ANS_doi_018.pdf
ANS,"WRIGHT, Matthew",WRIGHT,Matthew,Prof,2015-02-02,Biochemistry,"Member-ANS Panel 2014-2017 (ANS), Member-Application WG 2014-2017 (ANS), Vice-Chair-Re-evaluation of Food Additives other than Gums & Colours WG 2014-2017 (ANS)",ANS_doi_019.pdf
ANS,"YOUNES, Maged",YOUNES,Maged,Prof,2015-05-13,"Independent International Expert, Global Public Health","Member-ANS Panel 2014-2017 (ANS), Chair-Re-evaluation of Nitrates - Nitrites WG 2014-2017 (ANS), Chair-Weight of Evidence (SC)",ANS_doi_020.pdf
BIOHAZ,"ALLENDE, Ana",ALLENDE,Ana,Dr.,2015-11-27,Researcher,"Member-BIOHAZ Panel 2015-2018 (BIOHAZ), Member-BIOHAZ WG on Public health risks Bacillus in foodstuffs (EFSA-Q-2015-00254) (BIOHAZ)",BIOHAZ_doi_000.pdf
BIOHAZ,"BOLTON, Declan",BOLTON,Declan,Dr.,2015-04-20,"Microbiologist, Food Safety Research","Member-BIOHAZ Panel 2015-2018 (BIOHAZ), Member-BIOHAZ WG on Public health risks EAggEC (EFSA-Q-2014-00536) (BIOHAZ), Chair-WG on Scientific Opinion on the growth of spoilage bacteria during storage and transport of meat (EFSA-Q-00163) (BIOHAZ), Member-WG on clarification on the Scientific Opinion on the public health risks related to the maintenance of the cold chain during storage and transport of meat (2015-00162) (BIOHAZ)",BIOHAZ_doi_001.pdf
BIOHAZ,"CHEMALY, Marianne",CHEMALY,Marianne,Dr.,2015-04-16,Scientist - Head of HQPAP - Anses,Member-BIOHAZ Panel 2015-2018 (BIOHAZ),BIOHAZ_doi_002.pdf
BIOHAZ,"DAVIES, Robert",DAVIES,Robert,Dr.,2015-06-16,Veterinarian (Government Research),"Member-BIOHAZ Panel 2015-2018 (BIOHAZ), Member-BIOHAZ WG on Public health risks EAggEC (EFSA-Q-2014-00536) (BIOHAZ), Member-BIOHAZ WG on Reduction of the need to use antomicrobials (EFSA-Q-2015-00216) (BIOHAZ), Chair-BIOHAZ WG on hatchery waste (EFSA-Q-2014-00902) (BIOHAZ)",BIOHAZ_doi_003.pdf
BIOHAZ,"FERNANDEZ ESCAMEZ, Pablo S.",FERNANDEZ ESCAMEZ,Pablo S.,Prof.,2015-06-29,Full time Professor,"Member-BIOHAZ Panel 2015-2018 (BIOHAZ), Chair-BIOHAZ WG on ABP_Neste_Oil (EFSA-Q-2015-00118) (BIOHAZ), Member-BIOHAZ WG on heat treatment of bivalve molluscs (EFSA-Q-2015-00161) (BIOHAZ), Chair-WG on the update of the list of QPS recommended biological agents intentionally added to food or feed as notified to EFSA (EFSA-Q-2014-00189) (BIOHAZ)",BIOHAZ_doi_004.pdf
BIOHAZ,"GIRONES, Rosina",GIRONES,Rosina,Prof,2015-04-20,Biologist,Member-BIOHAZ Panel 2015-2018 (BIOHAZ),BIOHAZ_doi_005.pdf
BIOHAZ,"HERMAN, Lieve",HERMAN,Lieve,Dr.,2015-09-24,"Head of the Unit Technology and Food, Institute of Agricultural and Fisheries Research","Hearing Expert-ANS Panel 2014-2017 (ANS), Member-BIOHAZ Panel 2015-2018 (BIOHAZ), Hearing Expert-CEF Panel 2014-2017 (CEF), Member-Application WG 2014-2017 (ANS), Member-Food Enzymes WG 2014-2017 (CEF), Member-GMO Applications Molecular Characterisation 2015-2018 (GMO), Member-Genetically Modified Microorganisms (FEEDAP) 2015-2018 (FEEDAP), Member-WG on the update of the list of QPS recommended biological agents intentionally added to food or feed as notified to EFSA (EFSA-Q-2014-00189) (BIOHAZ)",BIOHAZ_doi_006.pdf
BIOHAZ,"KOUTSOUMANIS, Kostas",KOUTSOUMANIS,Kostas,Dr,2015-11-30,Associate Professor,"Vice-Chair-BIOHAZ Panel 2015-2018 (BIOHAZ), Alternate member-Scientific Committee 2015-2018 (SC), Chair-BIOHAZ WG on heat treatment of bivalve molluscs (EFSA-Q-2015-00161) (BIOHAZ), Member-WG on Scientific Opinion on the growth of spoilage bacteria during storage and transport of meat (EFSA-Q-00163) (BIOHAZ), Member-WG on clarification on the Scientific Opinion on the public health risks related to the maintenance of the cold chain during storage and transport of meat (2015-00162) (BIOHAZ)",BIOHAZ_doi_007.pdf
BIOHAZ,"LINDQVIST, Roland",LINDQVIST,Roland,Prof.,2015-06-29,"Scientific Advisor, Swedish National Food Agency","Member-BIOHAZ Panel 2015-2018 (BIOHAZ), Member-BIOHAZ WG on heat treatment of bivalve molluscs (EFSA-Q-2015-00161) (BIOHAZ)",BIOHAZ_doi_008.pdf
BIOHAZ,"NOERRUNG, Birgit",NOERRUNG,Birgit,Ms.,2015-10-21,"DVM,ph.d. Head of Department","Vice-Chair-BIOHAZ Panel 2015-2018 (BIOHAZ), Alternate member-Scientific Committee 2015-2018 (SC), Chair-BIOHAZ WG on Listex P100 treatment of ready to eat foods (EFSA-Q-2015-00428) (BIOHAZ), Member-PROMETHEUS (PROmoting METHods for Evidence Use in Scientific assessments) - Deliverable 2 ""Analysis of methods for dealing with data and evidence applied by EFSA"" (AMU), Member-Uncertainty in risk assessment (SC)",BIOHAZ_doi_009.pdf
BIOHAZ,"RICCI, Antonia",RICCI,Antonia,Dr.,2015-07-10,Veterinarian,"Chair-BIOHAZ Panel 2015-2018 (BIOHAZ), Member-Scientific Committee 2015-2018 (SC), Chair-BIOHAZ WG on Public health risks Bacillus in foodstuffs (EFSA-Q-2015-00254) (BIOHAZ)",BIOHAZ_doi_010.pdf
BIOHAZ,"ROBERTSON, Lucy",ROBERTSON,Lucy,Prof,2015-04-29,Scientist,Member-BIOHAZ Panel 2015-2018 (BIOHAZ),BIOHAZ_doi_011.pdf
BIOHAZ,"RU, Giuseppe",RU,Giuseppe,DVM PhD MSE,2015-10-19,veterinary epidemiologist,"Member-BIOHAZ Panel 2015-2018 (BIOHAZ), Member-BIOHAZ WG on negligible risk classical scrapie (EFSA-Q-2015-240, EFSA-Q-2015- 261, EFSA-Q-2015-262) (BIOHAZ), Member-Biohaz WG on BSE-Croatia (BIOHAZ), Member-Biological Relevance (SC)",BIOHAZ_doi_012.pdf
BIOHAZ,"SANAA, Moez",SANAA,Moez,Dr.,2015-04-28,"Deputy Head of Risk assessment methodology department, French agency for food safety, Environment and Occupational Health Safety",Member-BIOHAZ Panel 2015-2018 (BIOHAZ),BIOHAZ_doi_013.pdf
BIOHAZ,"SIMMONS, Marion",SIMMONS,Marion,Dr.,2015-07-30,Veterinary Researcher,"Member-BIOHAZ Panel 2015-2018 (BIOHAZ), Member-BIOHAZ WG on negligible risk classical scrapie (EFSA-Q-2015-240, EFSA-Q-2015- 261, EFSA-Q-2015-262) (BIOHAZ), Member-Biohaz WG on BSE-Croatia (BIOHAZ)",BIOHAZ_doi_014.pdf
BIOHAZ,"SKANDAMIS, Panagiotis",SKANDAMIS,Panagiotis,Dr.,2015-09-30,Assistant Professor,"Member-BIOHAZ Panel 2015-2018 (BIOHAZ), Member-BIOHAZ WG on Listex P100 treatment of ready to eat foods (EFSA-Q-2015-00428) (BIOHAZ)",BIOHAZ_doi_015.pdf
BIOHAZ,"SNARY, Emma",SNARY,Emma,Dr.,2015-04-28,Risk Analyst,Member-BIOHAZ Panel 2015-2018 (BIOHAZ),BIOHAZ_doi_016.pdf
BIOHAZ,"SPEYBROECK, Niko",SPEYBROECK,Niko,Prof.,2015-04-17,Epidemiologist,Member-BIOHAZ Panel 2015-2018 (BIOHAZ),BIOHAZ_doi_017.pdf
BIOHAZ,"TER KUILE, Benno",TER KUILE,Benno,Dr.,2015-06-29,Risk Assessor Microbiology,Member-BIOHAZ Panel 2015-2018 (BIOHAZ),BIOHAZ_doi_018.pdf
BIOHAZ,"THRELFALL, John",THRELFALL,John,Prof.,2015-09-23,Microbiologist - Consultant Clinical Scientist,"Member-BIOHAZ Panel 2015-2018 (BIOHAZ), Member-BIOHAZ WG on Listex P100 treatment of ready to eat foods (EFSA-Q-2015-00428) (BIOHAZ), Chair-BIOHAZ WG on Public health risks EAggEC (EFSA-Q-2014-00536) (BIOHAZ), Chair-BIOHAZ WG on Reduction of the need to use antomicrobials (EFSA- Q-2015-00216) (BIOHAZ)",BIOHAZ_doi_019.pdf
BIOHAZ,"WAHLSTROM, Helene",WAHLSTROM,Helene,Dr.,2015-11-09,Veterinarian,"Member-BIOHAZ Panel 2015-2018 (BIOHAZ), Member-M-2014-0288 Echinococcus (Art. 29) (AHAW)",BIOHAZ_doi_020.pdf
CEF,"BOLOGNESI, Claudia",BOLOGNESI,Claudia,Dr,2014-12-03,"Researcher, head of the Environmental Carcinogenesis Unit, National Cancer Research Institute, Genoa, Italy","Member-CEF Panel 2014-2017 (CEF), Member-Food Contact Material WG 2014-2017 (CEF), Member-Genotoxicity WG 2014-2017 (CEF)",CEF_doi_000.pdf
CEF,"CASTLE, Laurence",CASTLE,Laurence,Dr,2015-04-19,Analytical Chemist,"Member-CEF Panel 2014-2017 (CEF), Chair-Food Contact Material WG 2014-2017 (CEF), Member-Recycling plastics WG 2014-2017 (CEF)",CEF_doi_001.pdf
CEF,"CRAVEDI, Jean-Pierre",CRAVEDI,Jean-Pierre,Dr,2015-03-05,Scientist,"Member-CEF Panel 2014-2017 (CEF), Member-Food Contact Material WG 2014-2017 (CEF)",CEF_doi_002.pdf
CEF,"ENGEL, Karl-Heinz",ENGEL,Karl-Heinz,Prof. Dr,2015-09-25,Professor at University of Munich,"Member-CEF Panel 2014-2017 (CEF), Member-Flavourings WG 2014-2017 (CEF), Vice-Chair-Food Enzymes WG 2014-2017 (CEF), Member- Novel Foods 2015-2018 (NDA)",CEF_doi_003.pdf
CEF,"FOWLER, Paul",FOWLER,Paul,Prof.,2014-11-19,Professor,"Member-CEF Panel 2014-2017 (CEF), Member-Flavourings WG 2014-2017 (CEF)",CEF_doi_004.pdf
CEF,"FRANZ, Roland",FRANZ,Roland,Dr,2015-08-07,Chemist,"Member-CEF Panel 2014-2017 (CEF), Member-Food Contact Material WG 2014-2017 (CEF)",CEF_doi_005.pdf
CEF,"GROB, Konrad",GROB,Konrad,Dr.,2015-09-11,Chemist,"Member-CEF Panel 2014-2017 (CEF), Member-Food Contact Material WG 2014-2017 (CEF)",CEF_doi_006.pdf
CEF,"GUERTLER, Rainer",GUERTLER,Rainer,Dr,2015-10-21,Toxicologist,"Member-CEF Panel 2014-2017 (CEF), Member-Flavourings WG 2014-2017 (CEF), Chair-Genotoxicity WG 2014-2017 (CEF), Member-Re- evaluation of Food Additives other than Gums & Colours WG 2014-2017 (ANS), Member-Standing WG Genotoxicity (2015-2018) (SC)",CEF_doi_007.pdf
CEF,"HUSOY, Trine",HUSOY,Trine,Mrs,2015-03-02,Senior Scientist,"Member-CEF Panel 2014-2017 (CEF), Vice-Chair-Flavourings WG 2014-2017 (CEF)",CEF_doi_008.pdf
CEF,"KÄRENLAMPI, Sirpa",KÄRENLAMPI,Sirpa,Prof.,2015-09-11,Professor of Biotechnology,"Member-CEF Panel 2014-2017 (CEF), Member-Food Enzymes WG 2014-2017 (CEF), Member-Genetically Modified Microorganisms (FEEDAP) 2015-2018 (FEEDAP)",CEF_doi_009.pdf
CEF,"MENNES, Wim",MENNES,Wim,Dr,2014-11-17,Toxicologist,"Vice-Chair-CEF Panel 2014-2017 (CEF), Chair-Flavourings WG 2014-2017 (CEF)",CEF_doi_010.pdf
CEF,"MILANA, Maria Rosaria",MILANA,Maria Rosaria,Dr,2015-02-22,Senior Researcher at the Italian National Institute of Health (Istituto Superiore si Sanità),"Member-CEF Panel 2014-2017 (CEF), Member-Food Contact Material WG 2014-2017 (CEF), Chair-Recycling plastics WG 2014-2017 (CEF)",CEF_doi_011.pdf
CEF,"PENNINKS, André",PENNINKS,André,PhD,2015-10-13,(immuno)toxicologist,"Member-CEF Panel 2014-2017 (CEF), Member-Biological Relevance (SC), Member-Food Enzymes WG 2014-2017 (CEF), Member-WG Substances in Foods for Infants (SC)",CEF_doi_012.pdf
CEF,"SILANO, Vittorio",SILANO,Vittorio,Prof.,2015-09-30,Contract University Professor .,"Chair-CEF Panel 2014-2017 (CEF), Member-Scientific Committee 2015-2018 (SC), Chair-Compendium of botanicals V3 (SC), Hearing Expert- Food Enzymes WG 2014-2017 (CEF)",CEF_doi_013.pdf
CEF,"SMITH, Andy",SMITH,Andy,Prof.,2015-04-22,Scientist,"Member-CEF Panel 2014-2017 (CEF), Member-Food Enzymes WG 2014-2017 (CEF), Member-WG on dioxins in food and feed (CONTAM)",CEF_doi_014.pdf
CEF,"TAVARES POCAS, Maria de Fatima",TAVARES POCAS,Maria de Fatima,Dr.,2015-02-22,University professor and researcher,"Member-CEF Panel 2014-2017 (CEF), Member-Food Contact Material WG 2014-2017 (CEF), Vice-Chair-Recycling plastics WG 2014-2017 (CEF)",CEF_doi_015.pdf
CEF,"TLUSTOS, Christina",TLUSTOS,Christina,Dr,2015-03-03,Food Scientist,"Member-CEF Panel 2014-2017 (CEF), Member-Food Enzymes WG 2014-2017 (CEF)",CEF_doi_016.pdf
CEF,"WÖLFLE, Detlef",WÖLFLE,Detlef,Dr,2015-09-10,Toxicologist,"Vice-Chair-CEF Panel 2014-2017 (CEF), Alternate member-Scientific Committee 2015-2018 (SC), Vice-Chair-Food Contact Material WG 2014- 2017 (CEF), Member-Uncertainty in risk assessment (SC)",CEF_doi_017.pdf
CEF,"ZORN, Holger",ZORN,Holger,Prof. Dr.,2015-08-13,University Professor,"Member-CEF Panel 2014-2017 (CEF), Member-Food Enzymes WG 2014-2017 (CEF), Member-PROMETHEUS (PROmoting METHods for Evidence Use in Scientific assessments) - Deliverable 2 ""Analysis of methods for dealing with data and evidence applied by EFSA"" (AMU)",CEF_doi_018.pdf
CEF,"ZUGRAVU, Corina-Aurelia",ZUGRAVU,Corina-Aurelia,Prof.,2015-05-20,medical doctor Physicians,Member-CEF Panel 2014-2017 (CEF),CEF_doi_019.pdf
CONTAM,"ALEXANDER, Jan",ALEXANDER,Jan,Prof.,2015-07-14,"Medical doctor, Toxicologist","Member-CONTAM Panel 2015-2018 (CONTAM), Chair-Biological Relevance (SC), Chair-CONTAM WG on Group HBGV for mycotoxins (CONTAM), Member-Uncertainty in risk assessment (SC), Member-Weight of Evidence (SC)",CONTAM_doi_000.pdf
CONTAM,"BARREGARD, Lars",BARREGARD,Lars,Prof,2015-04-20,Professor and Chief physician,Member-CONTAM Panel 2015-2018 (CONTAM),CONTAM_doi_001.pdf
CONTAM,"BIGNAMI, Margherita",BIGNAMI,Margherita,Dr,2015-04-30,"former Head of Section Experimental Carcinogenesis, Dpt Environment and Primary Prevention, ISS (now retired)",Member-CONTAM Panel 2015-2018 (CONTAM),CONTAM_doi_002.pdf
CONTAM,"CECCATELLI, Sandra",CECCATELLI,Sandra,Prof.,2015-04-21,Professor,Member-CONTAM Panel 2015-2018 (CONTAM),CONTAM_doi_003.pdf
CONTAM,"COTTRILL, Bruce",COTTRILL,Bruce,Dr.,2015-04-17,Senior Scientific Advisor,"Member-CONTAM Panel 2015-2018 (CONTAM), Vice-Chair-Fusarium toxins (CONTAM), Chair-WG on Phorbol esters in Jatropha kernel meal (CONTAM), Vice-Chair-WG on erucic acid in food and feed (CONTAM)",CONTAM_doi_004.pdf
CONTAM,"DINOVI, Michael",DINOVI,Michael,Dr.,2015-04-27,Chemist,Member-CONTAM Panel 2015-2018 (CONTAM),CONTAM_doi_005.pdf
CONTAM,"EDLER, Lutz",EDLER,Lutz,Dr.,2015-07-04,Biostatistician,"Vice-Chair-CONTAM Panel 2015-2018 (CONTAM), Alternate member-Scientific Committee 2015-2018 (SC), Member-BMD Update (SC), Chair-Fusarium toxins (CONTAM)",CONTAM_doi_006.pdf
CONTAM,"GRASL-KRAUPP, Bettina",GRASL-KRAUPP,Bettina,Prof,2015-04-13,Senior Scientis,Member-CONTAM Panel 2015-2018 (CONTAM),CONTAM_doi_007.pdf
CONTAM,"HOGSTRAND, Christer",HOGSTRAND,Christer,Prof.,2015-10-29,Academia,"Member-CONTAM Panel 2015-2018 (CONTAM), Vice-Chair-CONTAM WG on plastic microparticles and nanoparticles (CONTAM), Member- Environmental risk assessment overarching group (SC), Member-Feed Flavourings 2015-2018 (FEEDAP), Member-Other Additives 2015-2018 (FEEDAP), Member-Revision of Maximum Content of Copper in Feed (FEEDAP), Chair-WG on MCPD and glycidyl esters (CONTAM), Member-Weight of Evidence (SC)",CONTAM_doi_008.pdf
CONTAM,"HOOGENBOOM, Laurentius (Ron)",HOOGENBOOM,Laurentius (Ron),Dr.,2015-10-06,Scientist,"Member-CONTAM Panel 2015-2018 (CONTAM), Chair-CONTAM SWG on non-allowed pharmacologically active substances in food and feed and their reference points for action (2015-2018) (CONTAM), Member-PROMETHEUS (PROmoting METHods for Evidence Use in Scientific assessments) - Deliverable 2 ""Analysis of methods for dealing with data and evidence applied by EFSA"" (AMU), Chair-WG on dioxins in food and feed (CONTAM)",CONTAM_doi_009.pdf
CONTAM,"KNUTSEN, Helle Katrine",KNUTSEN,Helle Katrine,Dr,2015-07-09,Scientist,"Chair-CONTAM Panel 2015-2018 (CONTAM), Member-Scientific Committee 2015-2018 (SC), Member-WG on dioxins in food and feed (CONTAM)",CONTAM_doi_010.pdf
CONTAM,"NEBBIA, Carlo Stefano",NEBBIA,Carlo Stefano,Prof. Dr.,2015-11-29,University Professor (Full Professor),"Member-CONTAM Panel 2015-2018 (CONTAM), Vice-Chair-CONTAM SWG on non-allowed pharmacologically active substances in food and feed and their reference points for action (2015-2018) (CONTAM), Vice-Chair-CONTAM WG on Zearalenone in feed (CONTAM), Member-Technological Additives 2015-2018 (FEEDAP)",CONTAM_doi_011.pdf
CONTAM,"OSWALD, Isabelle",OSWALD,Isabelle,Dr.,2015-11-27,Director of Research,"Member-CONTAM Panel 2015-2018 (CONTAM), Vice-Chair-CONTAM WG on Group HBGV for mycotoxins (CONTAM), Chair-CONTAM WG on Zearalenone in feed (CONTAM), Member-Fusarium toxins (CONTAM)",CONTAM_doi_012.pdf
CONTAM,"PETERSEN, Annette",PETERSEN,Annette,Ms,2015-07-09,Senior Adviser,"Member-CONTAM Panel 2015-2018 (CONTAM), Chair-CONTAM WG on plastic microparticles and nanoparticles (CONTAM), Member- Pesticide Steering Committee (PRAS), Member-Pesticides - Residues Meetings (PRAS)",CONTAM_doi_013.pdf
CONTAM,"ROGIERS, Vera Maria",ROGIERS,Vera Maria,Prof,2015-04-21,Head of the Department of In Vitro Toxicology and Dermato-Cosmetology,Member-CONTAM Panel 2015-2018 (CONTAM),CONTAM_doi_014.pdf
CONTAM,"ROSE, Martin",ROSE,Martin,Dr.,2015-05-01,principle scientist environmental contaminants,Member-CONTAM Panel 2015-2018 (CONTAM),CONTAM_doi_015.pdf
CONTAM,"ROUDOT, Alain-Claude",ROUDOT,Alain-Claude,Prof,2015-04-16,university professor,Member-CONTAM Panel 2015-2018 (CONTAM),CONTAM_doi_016.pdf
CONTAM,"SCHWERDTLE, Tanja",SCHWERDTLE,Tanja,Prof. Dr. rer. nat,2015-07-09,Full Professor in Food Chemistry,"Member-CONTAM Panel 2015-2018 (CONTAM), Chair-CONTAM WG HCN in apricot kernels (CONTAM)",CONTAM_doi_017.pdf
CONTAM,"VLEMINCKX, Christiane",VLEMINCKX,Christiane,Dr,2015-10-19,Ph D in Sciences - Toxicologist Civil Servant - Head of Unit Toxicology in a Scientific Institute,"Vice-Chair-CONTAM Panel 2015-2018 (CONTAM), Member-Standing WG Genotoxicity (2015-2018) (SC), Chair-WG on erucic acid in food and feed (CONTAM)",CONTAM_doi_018.pdf
CONTAM,"VOLLMER, Guenter",VOLLMER,Guenter,Prof. Dr.,2015-04-17,University Professor,Member-CONTAM Panel 2015-2018 (CONTAM),CONTAM_doi_019.pdf
CONTAM,"WALLACE, Heather",WALLACE,Heather,Prof,2015-07-15,Academic Toxicologist,"Member-CONTAM Panel 2015-2018 (CONTAM), Vice-Chair-WG on dioxins in food and feed (CONTAM)",CONTAM_doi_020.pdf
FEEDAP,"AQUILINA, Gabriele",AQUILINA,Gabriele,Dr.,2015-10-21,Senior Scientist,"Member-FEEDAP Panel 2015-2018 (FEEDAP), Member-Coccidiostats and Histomonostats 2015-2018 (FEEDAP), Chair-Colouring Agents 2015-2018 (FEEDAP), Member-Enzymes 2015-2018 (FEEDAP), Member-Standing WG Genotoxicity (2015-2018) (SC), Member-Technological Additives 2015-2018 (FEEDAP)",FEEDAP_doi_000.pdf
FEEDAP,"BAMPIDIS, Vasileios",BAMPIDIS,Vasileios,Dr.,2015-09-12,Associate Professor,"Member-FEEDAP Panel 2015-2018 (FEEDAP), Member-Enzymes 2015-2018 (FEEDAP), Member-Technological Additives 2015-2018 (FEEDAP)",FEEDAP_doi_001.pdf
FEEDAP,"BASTOS, Maria de Lourdes",BASTOS,Maria de Lourdes,Prof.,2015-10-07,Professor of Toxicology - University of Porto,"Member-FEEDAP Panel 2015-2018 (FEEDAP), Member-Feed Flavourings 2015-2018 (FEEDAP), Member-Trace Elements 2015-2018 (FEEDAP)",FEEDAP_doi_002.pdf
FEEDAP,"BORIES, Georges",BORIES,Georges,Dr.,2015-09-15,Retired Scientist,"Member-FEEDAP Panel 2015-2018 (FEEDAP), Member-Coccidiostats and Histomonostats 2015-2018 (FEEDAP), Member-Colouring Agents 2015-2018 (FEEDAP), Member-Technological Additives 2015-2018 (FEEDAP)",FEEDAP_doi_003.pdf
FEEDAP,"CHESSON, Andrew",CHESSON,Andrew,Professor,2015-09-12,Scientist/Science adviser,"Member-FEEDAP Panel 2015-2018 (FEEDAP), Chair-Feed Flavourings 2015-2018 (FEEDAP), Chair-Feed Materials 2015-2018 (FEEDAP), Member-Micro-organisms 2015-2018 (FEEDAP), Member-Other Additives 2015-2018 (FEEDAP), Member-Technological Additives 2015-2018 (FEEDAP)",FEEDAP_doi_004.pdf
FEEDAP,"COCCONCELLI, Pier Sandro",COCCONCELLI,Pier Sandro,Prof.,2015-09-28,Professor of Food Microbiology and Molecular Bio-techniques at Università Cattolica del Sacro Cuore,"Member-FEEDAP Panel 2015-2018 (FEEDAP), Member-BIOHAZ WG on Reduction of the need to use antomicrobials (EFSA-Q-2015-00216) (BIOHAZ), Member-Coccidiostats and Histomonostats 2015-2018 (FEEDAP), Chair-Genetically Modified Microorganisms (FEEDAP) 2015-2018 (FEEDAP), Member-Micro- organisms 2015-2018 (FEEDAP), Member-WG on the update of the list of QPS recommended biological agents intentionally added to food or feed as notified to EFSA (EFSA-Q- 2014-00189) (BIOHAZ)",FEEDAP_doi_005.pdf
FEEDAP,"DOS RAMOS, Fernando Jorge",DOS RAMOS,Fernando Jorge,Professor,2015-09-22,Associate Professor,"Member-FEEDAP Panel 2015-2018 (FEEDAP), Member-Coccidiostats and Histomonostats 2015-2018 (FEEDAP), Member-Trace Elements 2015-2018 (FEEDAP)",FEEDAP_doi_006.pdf
FEEDAP,"FLACHOWSKY, Gerhard",FLACHOWSKY,Gerhard,Prof. Dr.,2015-09-13,Senior Scientific Officer,"Member-FEEDAP Panel 2015-2018 (FEEDAP), Member-Amino Acids and Vitamins 2015-2018 (FEEDAP), Member-Feed Materials 2015-2018 (FEEDAP), Member-Trace Elements 2015-2018 (FEEDAP)",FEEDAP_doi_007.pdf
FEEDAP,"GROPP, Jürgen",GROPP,Jürgen,"Prof., Dr.",2015-09-16,"Veterinarian, Nutritionist","Member-FEEDAP Panel 2015-2018 (FEEDAP), Chair-Coccidiostats and Histomonostats 2015-2018 (FEEDAP), Member-Colouring Agents 2015-2018 (FEEDAP), Member-Feed Materials 2015-2018 (FEEDAP), Chair-Revision of Maximum Content of Copper in Feed (FEEDAP), Chair-Technological Additives 2015- 2018 (FEEDAP), Member-Trace Elements 2015-2018 (FEEDAP)",FEEDAP_doi_008.pdf
FEEDAP,"KOLAR, Boris",KOLAR,Boris,"Dr.,",2015-09-10,Head of activities on environmental risks,"Member-FEEDAP Panel 2015-2018 (FEEDAP), Member-Coccidiostats and Histomonostats 2015-2018 (FEEDAP), Member-Feed Flavourings 2015-2018 (FEEDAP), Member-Other Additives 2015-2018 (FEEDAP)",FEEDAP_doi_009.pdf
FEEDAP,"KOUBA, Maryline",KOUBA,Maryline,Prof,2015-09-10,Professor of Animal Science,"Member-FEEDAP Panel 2015-2018 (FEEDAP), Member-Enzymes 2015-2018 (FEEDAP), Member-Micro-organisms 2015-2018 (FEEDAP)",FEEDAP_doi_010.pdf
FEEDAP,"LOPEZ ALONSO, Marta",LOPEZ ALONSO,Marta,Dr.,2015-09-11,"Lecturer of Animal Pathology, Veterinary Faculty of Lugo (Spain)","Member-FEEDAP Panel 2015-2018 (FEEDAP), Member-Revision of Maximum Content of Copper in Feed (FEEDAP), Member-Trace Elements 2015-2018 (FEEDAP)",FEEDAP_doi_011.pdf
FEEDAP,"LOPEZ PUENTE, Secundino",LOPEZ PUENTE,Secundino,Prof.,2015-09-11,University Professor and Scientist,"Vice-Chair-FEEDAP Panel 2015-2018 (FEEDAP), Alternate member-Scientific Committee 2015-2018 (SC), Member-Compendium of botanicals V3 (SC), Member-Micro-organisms 2015-2018 (FEEDAP), Chair-Other Additives 2015-2018 (FEEDAP)",FEEDAP_doi_012.pdf
FEEDAP,"MANTOVANI, Alberto",MANTOVANI,Alberto,Dr.,2015-10-12,Senior Scientist,"Member-FEEDAP Panel 2015-2018 (FEEDAP), Member-Amino Acids and Vitamins 2015-2018 (FEEDAP), Member-Other Additives 2015-2018 (FEEDAP), Member-PROMETHEUS (PROmoting METHods for Evidence Use in Scientific assessments) - Deliverable 2 ""Analysis of methods for dealing with data and evidence applied by EFSA"" (AMU), Member-Pesticides - Mammalian Toxicology Meetings (PRAS), Member-Scientific Opinion of the PPR Panel investigating experimental toxicology data of pesticides and their potential link to Parkinson’s disease and childhood leukaemia. (PPR), Chair-Trace Elements 2015-2018 (FEEDAP)",FEEDAP_doi_013.pdf
FEEDAP,"MAYO, Baltasar",MAYO,Baltasar,Dr.,2015-09-17,Scientist Researcher,"Member-FEEDAP Panel 2015-2018 (FEEDAP), Member-Genetically Modified Microorganisms (FEEDAP) 2015-2018 (FEEDAP)",FEEDAP_doi_014.pdf
FEEDAP,"RYCHEN, Guido",RYCHEN,Guido,Prof.,2015-09-10,Professor in Animal Science,"Chair-FEEDAP Panel 2015-2018 (FEEDAP), Member-Scientific Committee 2015-2018 (SC), Chair-Enzymes 2015-2018 (FEEDAP), Member- Micro-organisms 2015-2018 (FEEDAP)",FEEDAP_doi_015.pdf
FEEDAP,"SAARELA, Maria",SAARELA,Maria,Dr.,2015-09-10,Principal Investigator,"Vice-Chair-FEEDAP Panel 2015-2018 (FEEDAP), Member-Enzymes 2015-2018 (FEEDAP), Member-Genetically Modified Microorganisms (FEEDAP) 2015-2018 (FEEDAP), Chair-Micro-organisms 2015-2018 (FEEDAP)",FEEDAP_doi_016.pdf
FEEDAP,"VILLA, Roberto",VILLA,Roberto,Prof,2015-09-12,Associated Professor in Veterinary Pharmacology and Toxicology,"Member-FEEDAP Panel 2015-2018 (FEEDAP), Member-Feed Flavourings 2015-2018 (FEEDAP), Member-Other Additives 2015-2018 (FEEDAP)",FEEDAP_doi_017.pdf
FEEDAP,"WALLACE, Robert John",WALLACE,Robert John,Prof.,2015-10-01,Personal Professor,"Member-FEEDAP Panel 2015-2018 (FEEDAP), Chair-Amino Acids and Vitamins 2015-2018 (FEEDAP), Member-Micro-organisms 2015-2018 (FEEDAP)",FEEDAP_doi_018.pdf
FEEDAP,"WESTER, Pieter",WESTER,Pieter,Dr.,2015-09-10,Senior Scientist,"Member-FEEDAP Panel 2015-2018 (FEEDAP), Member-Coccidiostats and Histomonostats 2015-2018 (FEEDAP), Member-Feed Materials 2015-2018 (FEEDAP), Member-Micro-organisms 2015-2018 (FEEDAP)",FEEDAP_doi_019.pdf
GMO,"BIRCH, Andrew Nicholas",BIRCH,Andrew Nicholas,Prof,2015-07-28,"Researcher (agricultural entomology, biosafety)","Member-GMO Panel 2015-2018 (GMO), Member-GMO Applications Environment 2015-2018 (GMO)",GMO_doi_000.pdf
GMO,"CASACUBERTA, Josep",CASACUBERTA,Josep,Mr,2015-09-29,Scientist,"Member-GMO Panel 2015-2018 (GMO), Alternate member-Scientific Committee 2015-2018 (SC), Hearing Expert-GMO Applications Food-Feed 2015-2018 (GMO), Chair-GMO Applications Molecular Characterisation 2015-2018 (GMO), Member-Guidance on low levels presence of GM food and feed (GMO)",GMO_doi_001.pdf
GMO,"DE SCHRIJVER, Adinda",DE SCHRIJVER,Adinda,Dr.,2015-09-29,Biosafety expert GMO - Senior Scientist,"Member-GMO Panel 2015-2018 (GMO), Member-GMO Applications Environment 2015-2018 (GMO), Member-Guidance on low levels presence of GM food and feed (GMO)",GMO_doi_002.pdf
GMO,"GATHMANN, Achim",GATHMANN,Achim,Dr.,2015-09-29,Senior Scientist,"Member-GMO Panel 2015-2018 (GMO), Chair-GMO Applications Environment 2015-2018 (GMO), Member-Guidance on low levels presence of GM food and feed (GMO)",GMO_doi_003.pdf
GMO,"GRALAK, Mikolaj Antoni",GRALAK,Mikolaj Antoni,Prof.,2015-09-29,"Warsaw University of Life Sciences, Dept. Physiological Sciences. Fac. Veterinary Medicine.","Member-GMO Panel 2015-2018 (GMO), Member-Feed Materials 2015-2018 (FEEDAP), Member-GMO Applications Food-Feed 2015-2018 (GMO), Member-Guidance on low levels presence of GM food and feed (GMO)",GMO_doi_004.pdf
GMO,"GUERCHE, Philippe",GUERCHE,Philippe,Dr.,2015-08-03,INRA Senior Scientist,"Member-GMO Panel 2015-2018 (GMO), Member-GMO Applications Molecular Characterisation 2015-2018 (GMO)",GMO_doi_005.pdf
GMO,"JONES, Huw",JONES,Huw,Prof,2015-07-28,Research scientist,"Member-GMO Panel 2015-2018 (GMO), Member-GMO Applications Molecular Characterisation 2015-2018 (GMO)",GMO_doi_006.pdf
GMO,"MANACHINI, Barbara",MANACHINI,Barbara,Dr. Prof.,2015-09-20,Senior Researcher/Assistant professor University of Palermo,"Member-GMO Panel 2015-2018 (GMO), Member-GMO Applications Environment 2015-2018 (GMO), Member-GMO PMEM reports 2015-2018 (GMO), Member-WG NTA + In Soil Opinion (PPR)",GMO_doi_007.pdf
GMO,"MESSEAN, Antoine",MESSEAN,Antoine,Dr,2015-11-10,Researcher,"Member-GMO Panel 2015-2018 (GMO), Vice-Chair-GMO Applications Environment 2015-2018 (GMO), Chair-GMO PMEM reports 2015-2018 (GMO), Member-PROMETHEUS (PROmoting METHods for Evidence Use in Scientific assessments) - Deliverable 2 ""Analysis of methods for dealing with data and evidence applied by EFSA"" (AMU)",GMO_doi_008.pdf
GMO,"NAEGELI, Hanspeter",NAEGELI,Hanspeter,Prof,2015-07-28,Toxicologist,"Chair-GMO Panel 2015-2018 (GMO), Member-Scientific Committee 2015-2018 (SC), Member-Fusarium toxins (CONTAM), Chair-GMO Applications Food-Feed 2015-2018 (GMO)",GMO_doi_009.pdf
GMO,"NIELSEN, Elsa Ebbesen",NIELSEN,Elsa Ebbesen,Dr.,2015-11-03,Toxicologist,"Member-GMO Panel 2015-2018 (GMO), Member-GMO Applications Food-Feed 2015-2018 (GMO), Member-Guidance on low levels presence of GM food and feed (GMO)",GMO_doi_010.pdf
GMO,"NOGUE, Fabien",NOGUE,Fabien,Dr,2015-09-29,Senior scientist,"Member-GMO Panel 2015-2018 (GMO), Hearing Expert-GMO Applications Food-Feed 2015-2018 (GMO), Member-GMO Applications Molecular Characterisation 2015-2018 (GMO)",GMO_doi_011.pdf
GMO,"ROBAGLIA, Christophe",ROBAGLIA,Christophe,Prof,2015-07-31,Professor Aix Marseille University,"Member-GMO Panel 2015-2018 (GMO), Member-GMO Applications Molecular Characterisation 2015-2018 (GMO)",GMO_doi_012.pdf
GMO,"ROSTOKS, Nils",ROSTOKS,Nils,Dr,2015-07-29,University teacher,"Member-GMO Panel 2015-2018 (GMO), Vice-Chair-GMO Applications Molecular Characterisation 2015-2018 (GMO)",GMO_doi_013.pdf
GMO,"SWEET, Jeremy",SWEET,Jeremy,Dr,2015-08-13,Environmental Research Consultant,"Member-GMO Panel 2015-2018 (GMO), Member-GMO Applications Environment 2015-2018 (GMO), Member-GMO PMEM reports 2015-2018 (GMO)",GMO_doi_014.pdf
GMO,"TEBBE, Christoph",TEBBE,Christoph,"Prof., Dr.",2015-07-30,"Microbiologist, Research Director","Member-GMO Panel 2015-2018 (GMO), Member-GMO Applications Environment 2015-2018 (GMO)",GMO_doi_015.pdf
GMO,"VISIOLI, Francesco",VISIOLI,Francesco,Prof,2015-09-30,Professor of Human Nutrition,"Member-GMO Panel 2015-2018 (GMO), Member-GMO Applications Food-Feed 2015-2018 (GMO), Chair-Guidance on low levels presence of GM food and feed (GMO)",GMO_doi_016.pdf
GMO,"WAL, Jean-Michel",WAL,Jean-Michel,Dr.,2015-09-29,Directeur de Recherche Honoraire à l'Institut National de la Recherche Agronomique (INRA),"Member-GMO Panel 2015-2018 (GMO), Chair-Development of supplementary guidelines for the allergenicity assessment of GM plants (GMO), Member-GMO Applications Food-Feed 2015-2018 (GMO), Member-Guidance on low levels presence of GM food and feed (GMO)",GMO_doi_017.pdf
MB,"DAVIES, Sue",DAVIES,Sue,Ms,2015-09-07,"Chief Policy Adviser, Which?","Chair-Management Board (MB), Hearing Expert-Scientific Committee 2015-2018 (SC)",MB_doi_000.pdf
MB,"EGUILEOR, Inaki",EGUILEOR,Inaki,Dr.,2015-05-22,Consultant/Assessor,Member-Management Board (MB),MB_doi_001.pdf
MB,"FACELLI, Piergiuseppe",FACELLI,Piergiuseppe,"Dr, DVM",2015-09-02,"Head of the Office for International Affairs - Ministry of Health - Department for veterinary publich health, nutrition and food safety","Vice-Chair-Management Board (MB), Hearing Expert-Scientific Committee 2015-2018 (SC)",MB_doi_002.pdf
MB,"MICHAELIDOU-CANNA, Stella",MICHAELIDOU-CANNA,Stella,Dr,2014-12-01,"retired Director of the State General Laborator and retired Act Perm Secretary ministry of Health, Cyprus",Member-Management Board (MB),MB_doi_004.pdf
MB,"MIKO, Ladislav",MIKO,Ladislav,"Dr., Prof.",2015-03-16,Deputy Director-General DG Health and Consumers,Member-Management Board (MB),MB_doi_005.pdf
MB,"MOUSING, Jan",MOUSING,Jan,Dr.,2015-05-28,Veterinarian,Member-Management Board (MB),MB_doi_003.pdf
MB,"O'ROURKE, Raymond",O'ROURKE,Raymond,Mr,2015-09-19,Lawyer,Member-Management Board (MB),MB_doi_006.pdf
MB,"PRATS MONNE, Xavier",PRATS MONNE,Xavier,Mr,2015-10-06,Director-General,Member-Management Board (MB),MB_doi_010.pdf
MB,"ROATIS, Radu",ROATIS,Radu,Mr.,2014-11-24,Personal Adviser,Member-Management Board (MB),MB_doi_013.pdf
MB,"RUPRICH, Jiri",RUPRICH,Jiri,Mr,2014-10-11,Head of a Center at the NIPH Prague,Member-Management Board (MB),MB_doi_007.pdf
MB,"SZEKACS, Andras",SZEKACS,Andras,Prof,2015-08-13,Specialist in pesticide chemistry and biochemistry,Member-Management Board (MB),MB_doi_008.pdf
MB,"VAN GORCOM, Robert",VAN GORCOM,Robert,Dr.ir.,2015-03-27,"Director RIKILT - Institute of Food Safety, Wageningen UR",Member-Management Board (MB),MB_doi_009.pdf
MB,"VANHOORDE, Robert",VANHOORDE,Robert,Dr.,2015-03-17,Civil servant at the European Commission,Alternate member-Management Board (MB),MB_doi_011.pdf
MB,"VANTHEMSCHE, Piet",VANTHEMSCHE,Piet,Dr.,2014-12-08,Chairman of Boerenbond,Member-Management Board (MB),MB_doi_012.pdf
MB,"WIJASZKA, Tadeusz",WIJASZKA,Tadeusz,Professor,2015-03-06,Veterinarian,Member-Management Board (MB),MB_doi_014.pdf
MB,"WINTER, Michael",WINTER,Michael,Dr.,2015-05-28,Food chemist,Member-Management Board (MB),MB_doi_015.pdf
NDA,"BRESSON, Jean-Louis",BRESSON,Jean-Louis,Prof.,2015-10-26,Professeur à la Faculté de Médecine Paris5-Descartes; Médecin de l’hôpital Necker-Enfants Malades,"Member-NDA Panel 2015-2018 (NDA), Member-Biological Relevance (SC), Member-Claims 2015-2018 (NDA), Member-PROMETHEUS (PROmoting METHods for Evidence Use in Scientific assessments) - Deliverable 2 ""Analysis of methods for dealing with data and evidence applied by EFSA"" (AMU)",NDA_doi_000.pdf
NDA,"BURLINGAME, Barbara",BURLINGAME,Barbara,Dr,2015-05-05,Scientist,Member-NDA Panel 2015-2018 (NDA),NDA_doi_001.pdf
NDA,"DEAN, Tara",DEAN,Tara,Prof.,2015-11-23,University Academic,"Member-NDA Panel 2015-2018 (NDA), Member-Novel Foods 2015-2018 (NDA)",NDA_doi_002.pdf
NDA,"FAIRWEATHER-TAIT, Susan",FAIRWEATHER-TAIT,Susan,Professor,2015-10-28,Professor in Norwich Medical School UEA,"Member-NDA Panel 2015-2018 (NDA), Member-Claims 2015-2018 (NDA), Member-Dietary Reference Values for minerals 2015-2018 (DRV MIN) (NDA)",NDA_doi_003.pdf
NDA,"HEINONEN, Marina",HEINONEN,Marina,Prof.,2015-10-05,Professor,"Member-NDA Panel 2015-2018 (NDA), Member-Claims 2015-2018 (NDA), Member-Novel Foods 2015-2018 (NDA)",NDA_doi_004.pdf
NDA,"HIRSCH-ERNST, Karen Ildico",HIRSCH-ERNST,Karen Ildico,Dr.,2015-10-23,"Scientific Official at the Federal Institute for Risk Assessment (BfR), Berlin","Member-NDA Panel 2015-2018 (NDA), Member-Standing WG Genotoxicity (2015-2018) (SC)",NDA_doi_005.pdf
NDA,"MANGELSDORF, Inge",MANGELSDORF,Inge,Dr.,2015-10-05,Toxicologist,"Member-NDA Panel 2015-2018 (NDA), Member-Novel Foods 2015-2018 (NDA)",NDA_doi_006.pdf
NDA,"MCARDLE, Harry",MCARDLE,Harry,Prof,2015-09-25,Professor,"Member-NDA Panel 2015-2018 (NDA), Member-Claims 2015-2018 (NDA), Member-Dietary Reference Values for minerals 2015-2018 (DRV MIN) (NDA), Member-Novel Foods 2015-2018 (NDA)",NDA_doi_007.pdf
NDA,"NASKA, Androniki",NASKA,Androniki,Prof.,2015-07-23,Associate Professor of Hygiene and Epidemiology,"Vice-Chair-NDA Panel 2015-2018 (NDA), Chair-Dietary Reference Values for minerals 2015-2018 (DRV MIN) (NDA)",NDA_doi_008.pdf
NDA,"NEUHÄUSER-BERTHOLD, Monika",NEUHÄUSER-BERTHOLD,Monika,Prof. Dr.,2015-09-25,Professor of Human Nutrition,"Member-NDA Panel 2015-2018 (NDA), Chair-Dietary Reference Values for vitamins 2015-2018 (DRV VIT) (NDA), Vice-Chair-Novel Foods 2015-2018 (NDA)",NDA_doi_009.pdf
NDA,"NOWICKA, Grazyna",NOWICKA,Grazyna,Prof.,2015-09-18,Chair in Biochemistry and Clinical Chemistry and Head of Department of Pharmacogenomics,"Member-NDA Panel 2015-2018 (NDA), Member-Dietary Reference Values for vitamins 2015-2018 (DRV VIT) (NDA)",NDA_doi_010.pdf
NDA,"PENTIEVA, Kristina",PENTIEVA,Kristina,Dr,2015-09-21,Senior Lecturer,"Member-NDA Panel 2015-2018 (NDA), Member-Dietary Reference Values for vitamins 2015-2018 (DRV VIT) (NDA)",NDA_doi_011.pdf
NDA,"SANZ, Yolanda",SANZ,Yolanda,Dr.,2015-09-28,Professor of Research,"Member-NDA Panel 2015-2018 (NDA), Vice-Chair-Claims 2015-2018 (NDA), Member-Novel Foods 2015-2018 (NDA)",NDA_doi_012.pdf
NDA,"SIANI, Alfonso",SIANI,Alfonso,Dr.,2015-11-03,"Senior Researcher, Public Research Institute","Member-NDA Panel 2015-2018 (NDA), Chair-Claims 2015-2018 (NDA), Member-Dietary Reference Values for minerals 2015-2018 (DRV MIN) (NDA), Member-Weight of Evidence (SC)",NDA_doi_013.pdf
NDA,"SJODIN, Anders Mikael",SJODIN,Anders Mikael,"MD,Dr of Med Sci",2015-09-24,Professor,"Member-NDA Panel 2015-2018 (NDA), Member-Claims 2015-2018 (NDA)",NDA_doi_014.pdf
NDA,"STERN, Martin",STERN,Martin,Prof. Dr.,2015-11-23,physician,Member-NDA Panel 2015-2018 (NDA),NDA_doi_015.pdf
NDA,"TOMÉ, Daniel",TOMÉ,Daniel,Professor,2015-09-21,Professor,"Member-NDA Panel 2015-2018 (NDA), Vice-Chair-Dietary Reference Values for vitamins 2015-2018 (DRV VIT) (NDA)",NDA_doi_016.pdf
NDA,"TURCK, Dominique",TURCK,Dominique,Prof.,2015-10-22,Professor of Pediatrics,"Chair-NDA Panel 2015-2018 (NDA), Member-Scientific Committee 2015-2018 (SC), Member-Dietary Reference Values for vitamins 2015-2018 (DRV VIT) (NDA), Member-WG Substances in Foods for Infants (SC)",NDA_doi_017.pdf
NDA,"VAN LOVEREN, Henk",VAN LOVEREN,Henk,Prof.,2015-11-23,Immunotoxicologist,"Vice-Chair-NDA Panel 2015-2018 (NDA), Member-Biological Relevance (SC), Member-CONTAM WG on plastic microparticles and nanoparticles (CONTAM), Member-Claims 2015-2018 (NDA), Member-Development of supplementary guidelines for the allergenicity assessment of GM plants (GMO), Chair- Novel Foods 2015-2018 (NDA), Member-WG on dioxins in food and feed (CONTAM)",NDA_doi_018.pdf
NDA,"VINCETI, MARCO",VINCETI,MARCO,Prof,2015-09-22,University professor and researcher,"Member-NDA Panel 2015-2018 (NDA), Member-Dietary Reference Values for minerals 2015-2018 (DRV MIN) (NDA)",NDA_doi_019.pdf
NDA,"WILLATTS, Peter",WILLATTS,Peter,Dr,2015-09-21,University Lecturer (Retired),"Member-NDA Panel 2015-2018 (NDA), Member-Claims 2015-2018 (NDA)",NDA_doi_020.pdf
PLH,"BRAGARD, Claude",BRAGARD,Claude,Prof.,2015-10-06,Professor,"Member-PLH Panel 2015-2018 (PLH), Member-Vitis response to Xylella fastidiosa CoDiRO (EFSA-Q-2015-00547) (PLH)",PLH_doi_000.pdf
PLH,"CAFFIER, David",CAFFIER,David,Mr.,2015-10-01,"Civil servant, head of expertises and advanced studies, risk assessor, GMOs and plant health","Member-PLH Panel 2015-2018 (PLH), Member-Ditylenchus destructor & Radopholus similis risk assessment (EFSA-Q-2015-00268; EFSA-Q- 2015-00269) (PLH), Vice-Chair-WG Dir 2000 29 Methods (PLH)",PLH_doi_001.pdf
PLH,"CANDRESSE, Thierry",CANDRESSE,Thierry,Dr.,2015-07-24,Researcher in Plant Virology,"Vice-Chair-PLH Panel 2015-2018 (PLH), Member-Grapevine Flavescence dorée risk assessment (EFSA-Q-2015-00271) (PLH)",PLH_doi_002.pdf
PLH,"CHATZIVASSILIOU, Elisavet",CHATZIVASSILIOU,Elisavet,Prof,2015-09-15,Assistant Professor of Plant Virology,"Member-PLH Panel 2015-2018 (PLH), Member-Grapevine Flavescence dorée risk assessment (EFSA-Q-2015-00271) (PLH)",PLH_doi_003.pdf
PLH,"DEHNEN-SCHMUTZ, Katharina",DEHNEN-SCHMUTZ,Katharina,Dr,2015-07-17,Ecologist,"Member-PLH Panel 2015-2018 (PLH), Member-Flumioxazin and plant health (ALPHA)",PLH_doi_004.pdf
PLH,"GILIOLI, Gianni",GILIOLI,Gianni,DR.,2015-11-10,Assistant Professor,"Member-PLH Panel 2015-2018 (PLH), Member-Ceratocystis platani & Cryphonectria parasitica risk assessment (EFSA-Q-2015-00265; EFSA-Q- 2015-00266) (PLH), Member-Ditylenchus destructor & Radopholus similis risk assessment (EFSA-Q-2015-00268; EFSA-Q-2015-00269) (PLH), Member-Environmental risk assessment overarching group (SC), Member-M-2014-0331 HEALTHY-B self task (AHAW), Member-MUST-B WG (SC), Chair-WG Dir 2000 29 Methods (PLH)",PLH_doi_005.pdf
PLH,"GREGOIRE, Jean Claude",GREGOIRE,Jean Claude,Prof,2015-07-09,Forest entomologist,"Member-PLH Panel 2015-2018 (PLH), Chair-Grapevine Flavescence dorée risk assessment (EFSA-Q-2015-00271) (PLH)",PLH_doi_006.pdf
PLH,"JAQUES MIRET, Josep Anton",JAQUES MIRET,Josep Anton,Prof.,2015-11-22,University full professor,"Member-PLH Panel 2015-2018 (PLH), Member-Eotetranychus lewisi risk assessment (EFSA-Q-2015-00270) (PLH), Member-WG Dir 2000 29 Methods (PLH), Hearing Expert-WG NTA + In Soil Opinion (PPR)",PLH_doi_007.pdf
PLH,"JEGER, Michael John",JEGER,Michael John,Prof,2015-11-04,University academic,"Chair-PLH Panel 2015-2018 (PLH), Member-Scientific Committee 2015-2018 (SC), Member-Biological Relevance (SC), Chair-Ciitrus black spot 2015 00601 (PLH), Member-Uncertainty in risk assessment (SC)",PLH_doi_008.pdf
PLH,"MACLEOD, Alan",MACLEOD,Alan,Dr.,2015-08-18,Pest risk assessor,"Member-PLH Panel 2015-2018 (PLH), Member-WG Dir 2000 29 Methods (PLH)",PLH_doi_009.pdf
PLH,"NAVAJAS, Maria",NAVAJAS,Maria,Dr.,2015-11-20,Research director at INRA,"Vice-Chair-PLH Panel 2015-2018 (PLH), Chair-Eotetranychus lewisi risk assessment (EFSA-Q-2015-00270) (PLH), Member-PROMETHEUS (PROmoting METHods for Evidence Use in Scientific assessments) - Deliverable 2 ""Analysis of methods for dealing with data and evidence applied by EFSA"" (AMU)",PLH_doi_010.pdf
PLH,"NIERE, Bjoern",NIERE,Bjoern,Dr.,2015-08-17,Scientist,"Member-PLH Panel 2015-2018 (PLH), Member-Ditylenchus destructor & Radopholus similis risk assessment (EFSA-Q-2015-00268; EFSA-Q- 2015-00269) (PLH)",PLH_doi_011.pdf
PLH,"PARNELL, Stephen",PARNELL,Stephen,Dr,2015-11-16,Lecturer,"Member-PLH Panel 2015-2018 (PLH), Member-Ciitrus black spot 2015 00601 (PLH)",PLH_doi_012.pdf
PLH,"POTTING, Roel",POTTING,Roel,Dr.,2015-07-15,Senior Advisor Plant Health,"Member-PLH Panel 2015-2018 (PLH), Member-WG Dir 2000 29 Methods (PLH)",PLH_doi_013.pdf
PLH,"RAFOSS, Trond",RAFOSS,Trond,Dr,2015-11-04,"Ecology, Statistics","Member-PLH Panel 2015-2018 (PLH), Member-Ciitrus black spot 2015 00601 (PLH), Member-Grapevine Flavescence dorée risk assessment (EFSA-Q-2015-00271) (PLH), Member-WG Dir 2000 29 Methods (PLH)",PLH_doi_014.pdf
PLH,"ROSSI, Vittorio",ROSSI,Vittorio,Prof.,2015-11-11,Professor in Plant pathology,"Member-PLH Panel 2015-2018 (PLH), Chair-Ceratocystis platani & Cryphonectria parasitica risk assessment (EFSA-Q-2015-00265; EFSA-Q- 2015-00266) (PLH), Member-Ciitrus black spot 2015 00601 (PLH)",PLH_doi_015.pdf
PLH,"UREK, Gregor",UREK,Gregor,dr.,2015-07-10,agronomist,"Member-PLH Panel 2015-2018 (PLH), Chair-Ditylenchus destructor & Radopholus similis risk assessment (EFSA-Q-2015-00268; EFSA-Q-2015- 00269) (PLH)",PLH_doi_016.pdf
PLH,"VAN BRUGGEN, Ariena",VAN BRUGGEN,Ariena,Prof,2015-11-16,professor,"Member-PLH Panel 2015-2018 (PLH), Chair-Diaporthe vaccinii risk assessment (EFSA-Q-2015-00267) (PLH)",PLH_doi_017.pdf
PLH,"VAN DER WERF, Wopke",VAN DER WERF,Wopke,Dr,2015-11-23,Associate professor,"Member-PLH Panel 2015-2018 (PLH), Member-Biological Relevance (SC), Member-Diaporthe vaccinii risk assessment (EFSA-Q-2015-00267) (PLH), Member-Ditylenchus destructor & Radopholus similis risk assessment (EFSA-Q-2015-00268; EFSA-Q-2015-00269) (PLH), Member-Environmental risk assessment overarching group (SC), Vice-Chair-WG Dir 2000 29 Methods (PLH)",PLH_doi_018.pdf
PLH,"WEST, Jon",WEST,Jon,Prof,2015-11-16,Research Scientist,"Member-PLH Panel 2015-2018 (PLH), Member-Ceratocystis platani & Cryphonectria parasitica risk assessment (EFSA-Q-2015-00265; EFSA-Q- 2015-00266) (PLH)",PLH_doi_019.pdf
PLH,"WINTER, Stephan",WINTER,Stephan,Dr.,2015-09-30,Plant Virologist,"Member-PLH Panel 2015-2018 (PLH), Chair-Vitis response to Xylella fastidiosa CoDiRO (EFSA-Q-2015-00547) (PLH)",PLH_doi_020.pdf
PPR,"ADRIAANSE, Paulien",ADRIAANSE,Paulien,Ir,2015-04-28,Senior researcher Pesticides in surface waters,Member-PPR Panel 2015-2018 (PPR),PPR_doi_000.pdf
PPR,"BERNY, Philippe",BERNY,Philippe,Prof,2015-09-21,Professor of Toxicology,"Member-PPR Panel 2015-2018 (PPR), Member-WG amphibian reptile opinion (PPR)",PPR_doi_001.pdf
PPR,"BROCK, Theodorus",BROCK,Theodorus,Dr,2015-10-23,Senior scientist aquatic ecology & ecotoxicology,"Vice-Chair-PPR Panel 2015-2018 (PPR), Alternate member-Scientific Committee 2015-2018 (SC), Chair-Environmental risk assessment overarching group (SC), Hearing Expert-GMO Applications Environment 2015-2018 (GMO)",PPR_doi_002.pdf
PPR,"DUQUESNE, Sabine",DUQUESNE,Sabine,Dr,2015-04-18,"ecotoxicologist, risk assessor","Member-PPR Panel 2015-2018 (PPR), Member-Pesticides - Ecotoxicology Meetings (PRAS)",PPR_doi_003.pdf
PPR,"GRILLI, Sandro",GRILLI,Sandro,Prof.,2015-10-21,"Full Professor of Oncology at the Bologna University Medical School, Bologna, Italy","Member-PPR Panel 2015-2018 (PPR), Member-Standing WG Genotoxicity (2015-2018) (SC)",PPR_doi_004.pdf
PPR,"HERNANDEZ-JEREZ, Antonio F.",HERNANDEZ-JEREZ,Antonio F.,Prof.,2015-04-21,Professor of Toxicology,"Member-PPR Panel 2015-2018 (PPR), Member-Scientific Opinion of the PPR Panel investigating experimental toxicology data of pesticides and their potential link to Parkinson’s disease and childhood leukaemia. (PPR), Chair-WG Epidemiological studies in pesticide risk assessment (PPR)",PPR_doi_005.pdf
PPR,"HOUGAARD, Susanne",HOUGAARD,Susanne,Dr.,2015-04-21,Toxicologist at the Danish EPA,"Vice-Chair-PPR Panel 2015-2018 (PPR), Member-Biological Relevance (SC), Member-Pesticides - Mammalian Toxicology Meetings (PRAS), Chair-Scientific Opinion of the PPR Panel investigating experimental toxicology data of pesticides and their potential link to Parkinson’s disease and childhood leukaemia. (PPR), Member-WG on Scientific Guidance on Residue Definition (PPR), Member-Working group on dermal absorption guidance (PRAS)",PPR_doi_006.pdf
PPR,"KLEIN, Michael",KLEIN,Michael,Dr,2015-04-17,Chemist,"Member-PPR Panel 2015-2018 (PPR), Member-EFSA WG for developing and EFSA Guidance Document for predicting environmental concentrations of substances in soil (PRAS), Member-WG NTA + In Soil Opinion (PPR)",PPR_doi_007.pdf
PPR,"KUHL, Thomas",KUHL,Thomas,Dr,2015-05-06,"scientific employee- Federal Institute for Risk Assessment BfR, Germany","Member-PPR Panel 2015-2018 (PPR), Member-Pesticides - Residues Meetings (PRAS), Member-Pesticides MRL - Teleconferences and Meetings Reg. EC 396/2005 (PRAS), Chair-WG on Scientific Guidance on Residue Definition (PPR)",PPR_doi_008.pdf
PPR,"LASKOWSKI, Ryszard",LASKOWSKI,Ryszard,Prof.,2015-04-20,biologist/ecologist/ecotoxicologist,"Member-PPR Panel 2015-2018 (PPR), Vice-Chair-WG NTA + In Soil Opinion (PPR)",PPR_doi_009.pdf
PPR,"MACHERA, Kyriaki",MACHERA,Kyriaki,Dr,2015-09-29,Director BPI,"Member-PPR Panel 2015-2018 (PPR), Member-WG amphibian reptile opinion (PPR)",PPR_doi_010.pdf
PPR,"OCKLEFORD, Colin",OCKLEFORD,Colin,Emeritus Professor,2015-10-15,Medical Research and Teaching,"Chair-PPR Panel 2015-2018 (PPR), Member-Scientific Committee 2015-2018 (SC), Member-PROMETHEUS (PROmoting METHods for Evidence Use in Scientific assessments) - Deliverable 2 ""Analysis of methods for dealing with data and evidence applied by EFSA"" (AMU), Member-WG Epidemiological studies in pesticide risk assessment (PPR), Member-WG Substances in Foods for Infants (SC)",PPR_doi_011.pdf
PPR,"PELKONEN, Olavi",PELKONEN,Olavi,Prof,2015-10-20,professor emeritus of pharmacology and toxicology,"Member-PPR Panel 2015-2018 (PPR), Member-Scientific Opinion of the PPR Panel investigating experimental toxicology data of pesticides and their potential link to Parkinson’s disease and childhood leukaemia. (PPR)",PPR_doi_012.pdf
PPR,"PIEPER, Silvia",PIEPER,Silvia,Dr,2015-10-21,scientist,"Member-PPR Panel 2015-2018 (PPR), Member-Pesticides - Ecotoxicology Meetings (PRAS), Member-WG NTA + In Soil Opinion (PPR), Member-WG amphibian reptile opinion (PPR)",PPR_doi_013.pdf
PPR,"SMITH, Rob",SMITH,Rob,Prof.,2015-10-09,Biologist,"Member-PPR Panel 2015-2018 (PPR), Member-MUST-B WG (SC), Chair-WG NTA + In Soil Opinion (PPR), Chair-WG amphibian reptile opinion (PPR)",PPR_doi_014.pdf
PPR,"STEMMER, Michael",STEMMER,Michael,Dr.,2015-04-17,Biologist,"Member-PPR Panel 2015-2018 (PPR), Member-EFSA WG for developing and EFSA Guidance Document for predicting environmental concentrations of substances in soil (PRAS), Member-Pesticides - Fate and Behaviour Meetings (PRAS)",PPR_doi_015.pdf
PPR,"SUNDH, Ingvar",SUNDH,Ingvar,Prof.,2015-05-07,Professor,"Member-PPR Panel 2015-2018 (PPR), Member-WG NTA + In Soil Opinion (PPR), Member-WG on the update of the list of QPS recommended biological agents intentionally added to food or feed as notified to EFSA (EFSA-Q-2014-00189) (BIOHAZ)",PPR_doi_016.pdf
PPR,"TEODOROVIC, Ivana",TEODOROVIC,Ivana,Dr,2015-04-21,"associated professor, ecotoxicologist",Member-PPR Panel 2015-2018 (PPR),PPR_doi_017.pdf
PPR,"TIKTAK, Aaldrik",TIKTAK,Aaldrik,Dr,2015-04-17,Senior soil scientist,"Member-PPR Panel 2015-2018 (PPR), Member-EFSA WG for developing and EFSA Guidance Document for predicting environmental concentrations of substances in soil (PRAS), Vice-Chair-WG NTA + In Soil Opinion (PPR)",PPR_doi_018.pdf
PPR,"TOPPING, Chris J.",TOPPING,Chris J.,Prof.,2015-09-17,Professor of Ecological Modelling,"Member-PPR Panel 2015-2018 (PPR), Member-Environmental risk assessment overarching group (SC), Hearing Expert-MUST-B WG (SC), Member-WG NTA + In Soil Opinion (PPR), Member-WG amphibian reptile opinion (PPR)",PPR_doi_019.pdf
PPR,"WOLTERINK, Gerrit",WOLTERINK,Gerrit,Dr.,2015-07-23,Toxicologist,"Member-PPR Panel 2015-2018 (PPR), Member-WG on Scientific Guidance on Residue Definition (PPR)",PPR_doi_020.pdf
SCOM,"BENFORD, Diane",BENFORD,Diane,Dr,2015-10-08,Civil Servant,"Vice-Chair-Scientific Committee 2015-2018 (SC), Vice-Chair-CONTAM WG HCN in apricot kernels (CONTAM), Member-Uncertainty in risk assessment (SC), Member-WG Substances in Foods for Infants (SC)",SCOM_doi_000.pdf
SCOM,"BROCK, Theodorus",BROCK,Theodorus,Dr,2015-10-23,Senior scientist aquatic ecology & ecotoxicology,"Vice-Chair-PPR Panel 2015-2018 (PPR), Alternate member-Scientific Committee 2015-2018 (SC), Chair-Environmental risk assessment overarching group (SC), Hearing Expert-GMO Applications Environment 2015-2018 (GMO)",SCOM_doi_001.pdf
SCOM,"CASACUBERTA, Josep",CASACUBERTA,Josep,Mr,2015-09-29,Scientist,"Member-GMO Panel 2015-2018 (GMO), Alternate member-Scientific Committee 2015-2018 (SC), Hearing Expert-GMO Applications Food-Feed 2015-2018 (GMO), Chair-GMO Applications Molecular Characterisation 2015-2018 (GMO), Member-Guidance on low levels presence of GM food and feed (GMO)",SCOM_doi_002.pdf
SCOM,"EDLER, Lutz",EDLER,Lutz,Dr.,2015-07-04,Biostatistician,"Vice-Chair-CONTAM Panel 2015-2018 (CONTAM), Alternate member-Scientific Committee 2015-2018 (SC), Member-BMD Update (SC), Chair-Fusarium toxins (CONTAM)",SCOM_doi_003.pdf
SCOM,"HALLDORSSON, Thorhallur Ingi",HALLDORSSON,Thorhallur Ingi,Prof,2015-04-16,"Professor at Faculty of Food Science and Nutrition, University of Iceland",Member-Scientific Committee 2015-2018 (SC),SCOM_doi_004.pdf
SCOM,"HARDY, Tony",HARDY,Tony,Prof.,2015-05-20,Individual Scientist,"Chair-Scientific Committee 2015-2018 (SC), Member-Environmental risk assessment overarching group (SC), Chair-Uncertainty in risk assessment (SC), Member-Weight of Evidence (SC)",SCOM_doi_005.pdf
SCOM,"JEGER, Michael John",JEGER,Michael John,Prof,2015-11-04,University academic,"Chair-PLH Panel 2015-2018 (PLH), Member-Scientific Committee 2015-2018 (SC), Member-Biological Relevance (SC), Chair-Ciitrus black spot 2015 00601 (PLH), Member-Uncertainty in risk assessment (SC)",SCOM_doi_006.pdf
SCOM,"KNUTSEN, Helle Katrine",KNUTSEN,Helle Katrine,Dr,2015-07-09,Scientist,"Chair-CONTAM Panel 2015-2018 (CONTAM), Member-Scientific Committee 2015-2018 (SC), Member-WG on dioxins in food and feed (CONTAM)",SCOM_doi_007.pdf
SCOM,"KOUTSOUMANIS, Kostas",KOUTSOUMANIS,Kostas,Dr,2015-11-30,Associate Professor,"Vice-Chair-BIOHAZ Panel 2015-2018 (BIOHAZ), Alternate member-Scientific Committee 2015-2018 (SC), Chair-BIOHAZ WG on heat treatment of bivalve molluscs (EFSA-Q-2015-00161) (BIOHAZ), Member-WG on Scientific Opinion on the growth of spoilage bacteria during storage and transport of meat (EFSA-Q-00163) (BIOHAZ), Member-WG on clarification on the Scientific Opinion on the public health risks related to the maintenance of the cold chain during storage and transport of meat (2015-00162) (BIOHAZ)",SCOM_doi_008.pdf
SCOM,"LOPEZ PUENTE, Secundino",LOPEZ PUENTE,Secundino,Prof.,2015-09-11,University Professor and Scientist,"Vice-Chair-FEEDAP Panel 2015-2018 (FEEDAP), Alternate member-Scientific Committee 2015-2018 (SC), Member-Compendium of botanicals V3 (SC), Member-Micro-organisms 2015-2018 (FEEDAP), Chair-Other Additives 2015-2018 (FEEDAP)",SCOM_doi_009.pdf
SCOM,"MORE, Simon",MORE,Simon,Professor,2015-07-03,Veterinarian,"Chair-AHAW Panel 2015-2018 (AHAW), Member-Scientific Committee 2015-2018 (SC), Chair-MUST-B WG (SC)",SCOM_doi_010.pdf
SCOM,"MORTENSEN, Alicja",MORTENSEN,Alicja,Dr,2015-10-09,"Senior Scientist, DVM, PhD Department of Toxicology and Risk Assessment, Section of Pathology, The National Food Institute, DTU, Denmark","Chair-ANS Panel 2014-2017 (ANS), Member-Scientific Committee 2015-2018 (SC), Member-Application WG 2014-2017 (ANS), Member-BMD Update (SC), Member-Re-evaluation of Gums and Food Additives from Natural Sources WG 2014-2017 (ANS), Member-Uncertainty in risk assessment (SC), Chair-WG Substances in Foods for Infants (SC)",SCOM_doi_011.pdf
SCOM,"NAEGELI, Hanspeter",NAEGELI,Hanspeter,Prof,2015-07-28,Toxicologist,"Chair-GMO Panel 2015-2018 (GMO), Member-Scientific Committee 2015-2018 (SC), Member-Fusarium toxins (CONTAM), Chair-GMO Applications Food-Feed 2015-2018 (GMO)",SCOM_doi_012.pdf
SCOM,"NOERRUNG, Birgit",NOERRUNG,Birgit,Ms.,2015-10-21,"DVM,ph.d. Head of Department","Vice-Chair-BIOHAZ Panel 2015-2018 (BIOHAZ), Alternate member-Scientific Committee 2015-2018 (SC), Chair-BIOHAZ WG on Listex P100 treatment of ready to eat foods (EFSA-Q-2015-00428) (BIOHAZ), Member-PROMETHEUS (PROmoting METHods for Evidence Use in Scientific assessments) - Deliverable 2 ""Analysis of methods for dealing with data and evidence applied by EFSA"" (AMU), Member-Uncertainty in risk assessment (SC)",SCOM_doi_013.pdf
SCOM,"NOTEBORN, Hubert",NOTEBORN,Hubert,Dr.,2015-10-09,"Head Unit Integrated Risk Assessment/Deputy Director-Office for Risk Assessment and Research, Netherlands Food and Consumer Product Safety Authority (NVWA), Utrecht, The Netherlands",Vice-Chair-Scientific Committee 2015-2018 (SC),SCOM_doi_014.pdf
SCOM,"OCKLEFORD, Colin",OCKLEFORD,Colin,Emeritus Professor,2015-10-15,Medical Research and Teaching,"Chair-PPR Panel 2015-2018 (PPR), Member-Scientific Committee 2015-2018 (SC), Member-PROMETHEUS (PROmoting METHods for Evidence Use in Scientific assessments) - Deliverable 2 ""Analysis of methods for dealing with data and evidence applied by EFSA"" (AMU), Member-WG Epidemiological studies in pesticide risk assessment (PPR), Member-WG Substances in Foods for Infants (SC)",SCOM_doi_015.pdf
SCOM,"RICCI, Antonia",RICCI,Antonia,Dr.,2015-07-10,Veterinarian,"Chair-BIOHAZ Panel 2015-2018 (BIOHAZ), Member-Scientific Committee 2015-2018 (SC), Chair-BIOHAZ WG on Public health risks Bacillus in foodstuffs (EFSA-Q-2015-00254) (BIOHAZ)",SCOM_doi_016.pdf
SCOM,"RYCHEN, Guido",RYCHEN,Guido,Prof.,2015-09-10,Professor in Animal Science,"Chair-FEEDAP Panel 2015-2018 (FEEDAP), Member-Scientific Committee 2015-2018 (SC), Chair-Enzymes 2015-2018 (FEEDAP), Member- Micro-organisms 2015-2018 (FEEDAP)",SCOM_doi_017.pdf
SCOM,"SCHLATTER, Josef Rudolf",SCHLATTER,Josef Rudolf,Dr,2015-10-08,Toxicologist (retired),"Member-Scientific Committee 2015-2018 (SC), Chair-BMD Update (SC), Member-Biological Relevance (SC), Member-Novel Foods 2015-2018 (NDA), Member-Uncertainty in risk assessment (SC), Member-WG Substances in Foods for Infants (SC)",SCOM_doi_018.pdf
SCOM,"SILANO, Vittorio",SILANO,Vittorio,Prof.,2015-09-30,Contract University Professor .,"Chair-CEF Panel 2014-2017 (CEF), Member-Scientific Committee 2015-2018 (SC), Chair-Compendium of botanicals V3 (SC), Hearing Expert- Food Enzymes WG 2014-2017 (CEF)",SCOM_doi_019.pdf
SCOM,"SOLECKI, Roland",SOLECKI,Roland,Dr.,2015-10-13,Head of Department "Pesticide Safety",Member-Scientific Committee 2015-2018 (SC),SCOM_doi_020.pdf
SCOM,"THULKE, Hans-Hermann",THULKE,Hans-Hermann,Dr. (PhD),2015-11-27,"Science/Epidemiology, Modelling, Statistics","Vice-Chair-AHAW Panel 2015-2018 (AHAW), Alternate member-Scientific Committee 2015-2018 (SC), Member-M-2014-0079 Vector-borne diseases (AHAW), Member-M-2014-0323 ASF wild boar (AHAW), Member-M-2015-0052 ABMs gap analysis (AHAW), Member-MAPRA Network (AHAW), Member- Uncertainty in risk assessment (SC)",SCOM_doi_021.pdf
SCOM,"TURCK, Dominique",TURCK,Dominique,Prof.,2015-10-22,Professor of Pediatrics,"Chair-NDA Panel 2015-2018 (NDA), Member-Scientific Committee 2015-2018 (SC), Member-Dietary Reference Values for vitamins 2015-2018 (DRV VIT) (NDA), Member-WG Substances in Foods for Infants (SC)",SCOM_doi_022.pdf
SCOM,"WÖLFLE, Detlef",WÖLFLE,Detlef,Dr,2015-09-10,Toxicologist,"Vice-Chair-CEF Panel 2014-2017 (CEF), Alternate member-Scientific Committee 2015-2018 (SC), Vice-Chair-Food Contact Material WG 2014- 2017 (CEF), Member-Uncertainty in risk assessment (SC)",SCOM_doi_023.pdf
